[{"methods":[{"deprecated":"false","description":"Tries to connect to the server and launches the thread for receiving data (blocking until connected or failed)","name":"Connect","params":[]},{"deprecated":"false","description":"Disconnect to the server","name":"Disconnect","params":[]},{"deprecated":"false","description":"Send data to the server","name":"SendData","params":[{"name":"data","type":"text"}]}],"nonVisible":"true","external":"true","helpString":"Non-visible component that provides client socket connectivity.","events":[{"deprecated":"false","description":"Event indicating that a message has been received","name":"DataReceived","params":[{"name":"data","type":"text"}]},{"deprecated":"false","description":"Event indicating that the remote socket closed the connection","name":"RemoteConnectionClosed","params":[]}],"name":"ClientSocketAI2Ext","iconName":"http://jr.letertre.free.fr/Projets/AIClientSocket/clientsocket.png","blockProperties":[{"deprecated":"false","description":"The state of the connection - true = connected, false = disconnected","name":"ConnectionState","type":"boolean","rw":"read-only"},{"deprecated":"false","description":"The mode of sending and receiving data.","name":"HexaStringMode","type":"boolean","rw":"read-write"},{"deprecated":"false","description":"The address of the server the client will connect to.","name":"ServerAddress","type":"text","rw":"read-write"},{"deprecated":"false","description":"The port of the server the client will connect to.","name":"ServerPort","type":"text","rw":"read-write"}],"categoryString":"EXTENSION","properties":[{"name":"HexaStringMode","defaultValue":"","editorType":"boolean"},{"name":"ServerAddress","defaultValue":"","editorType":"string"},{"name":"ServerPort","defaultValue":"","editorType":"string"}],"type":"com.gmail.at.moicjarod.ClientSocketAI2Ext","showOnPalette":"true","version":"4"}]